l,C_l_sr-1,sigma_Cl_sr-1
500,1.2e-10,1.2e-13
502,1.19e-10,1.19e-13
504,1.18e-10,1.18e-13
506,1.17e-10,1.17e-13
508,1.16e-10,1.16e-13
510,1.15e-10,1.15e-13
512,1.14e-10,1.14e-13
514,1.13e-10,1.13e-13
516,1.12e-10,1.12e-13
518,1.11e-10,1.11e-13
520,1.10e-10,1.10e-13
522,1.09e-10,1.09e-13
524,1.08e-10,1.08e-13
526,1.07e-10,1.07e-13
528,1.06e-10,1.06e-13
530,1.05e-10,1.05e-13
532,1.04e-10,1.04e-13
534,1.03e-10,1.03e-13
536,1.02e-10,1.02e-13
538,1.01e-10,1.01e-13
540,1.00e-10,1.00e-13
542,9.9e-11,9.9e-14
544,9.8e-11,9.8e-14
546,9.7e-11,9.7e-14
548,9.6e-11,9.6e-14
550,9.5e-11,9.5e-14
552,9.4e-11,9.4e-14
554,9.3e-11,9.3e-14
556,9.2e-11,9.2e-14
558,9.1e-11,9.1e-14
560,9.0e-11,9.0e-14
562,8.9e-11,8.9e-14
564,8.8e-11,8.8e-14
566,8.7e-11,8.7e-14
568,8.6e-11,8.6e-14
570,8.5e-11,8.5e-14
572,8.4e-11,8.4e-14
574,8.3e-11,8.3e-14
576,8.2e-11,8.2e-14
578,8.1e-11,8.1e-14
580,8.0e-11,8.0e-14
582,7.9e-11,7.9e-14
584,7.8e-11,7.8e-14
586,7.7e-11,7.7e-14
588,7.6e-11,7.6e-14
590,7.5e-11,7.5e-14
592,7.4e-11,7.4e-14
594,7.3e-11,7.3e-14
596,7.2e-11,7.2e-14
598,7.1e-11,7.1e-14
600,7.0e-11,7.0e-14
l,Cl,sigma_Cl
1301,7.38e-11,7.38e-14
1302,7.37e-11,7.37e-14
1303,7.36e-11,7.36e-14
1304,7.35e-11,7.35e-14
1305,7.34e-11,7.34e-14
1306,7.33e-11,7.33e-14
1307,7.32e-11,7.32e-14
1308,7.31e-11,7.31e-14
1309,7.30e-11,7.30e-14
1310,7.29e-11,7.29e-14
1311,7.28e-11,7.28e-14
1312,7.27e-11,7.27e-14
1313,7.26e-11,7.26e-14
1314,7.25e-11,7.25e-14
1315,7.24e-11,7.24e-14
1316,7.23e-11,7.23e-14
1317,7.22e-11,7.22e-14
1318,7.21e-11,7.21e-14
1319,7.20e-11,7.20e-14
1320,7.19e-11,7.19e-14
1321,7.18e-11,7.18e-14
1322,7.17e-11,7.17e-14
1323,7.16e-11,7.16e-14
1324,7.15e-11,7.15e-14
1325,7.14e-11,7.14e-14
1326,7.13e-11,7.13e-14
1327,7.12e-11,7.12e-14
1328,7.11e-11,7.11e-14
1329,7.10e-11,7.10e-14
1330,7.09e-11,7.09e-14
1331,7.08e-11,7.08e-14
1332,7.07e-11,7.07e-14
1333,7.06e-11,7.06e-14
1334,7.05e-11,7.05e-14
1335,7.04e-11,7.04e-14
1336,7.03e-11,7.03e-14
1337,7.02e-11,7.02e-14
1338,7.01e-11,7.01e-14
1339,7.00e-11,7.00e-14
1340,6.99e-11,6.99e-14
1341,6.98e-11,6.98e-14
1342,6.97e-11,6.97e-14
1343,6.96e-11,6.96e-14
1344,6.95e-11,6.95e-14
1345,6.94e-11,6.94e-14
1346,6.93e-11,6.93e-14
1347,6.92e-11,6.92e-14
1348,6.91e-11,6.91e-14
1349,6.90e-11,6.90e-14
1350,6.89e-11,6.89e-14
1351,6.88e-11,6.88e-14
1352,6.87e-11,6.87e-14
1353,6.86e-11,6.86e-14
1354,6.85e-11,6.85e-14
1355,6.84e-11,6.84e-14
1356,6.83e-11,6.83e-14
1357,6.82e-11,6.82e-14
1358,6.81e-11,6.81e-14
1359,6.80e-11,6.80e-14
1360,6.79e-11,6.79e-14
...
1598,6.41e-11,6.41e-14
1599,6.40e-11,6.40e-14
1600,6.39e-11,6.39e-14
l,Cl,sigma_Cl
1601,6.38e-11,6.38e-14
1602,6.37e-11,6.37e-14
1603,6.36e-11,6.36e-14
1604,6.35e-11,6.35e-14
1605,6.34e-11,6.34e-14
1606,6.33e-11,6.33e-14
1607,6.32e-11,6.32e-14
1608,6.31e-11,6.31e-14
1609,6.30e-11,6.30e-14
1610,6.29e-11,6.29e-14
1611,6.28e-11,6.28e-14
1612,6.27e-11,6.27e-14
1613,6.26e-11,6.26e-14
1614,6.25e-11,6.25e-14
1615,6.24e-11,6.24e-14
1616,6.23e-11,6.23e-14
1617,6.22e-11,6.22e-14
1618,6.21e-11,6.21e-14
1619,6.20e-11,6.20e-14
1620,6.19e-11,6.19e-14
1621,6.18e-11,6.18e-14
1622,6.17e-11,6.17e-14
1623,6.16e-11,6.16e-14
1624,6.15e-11,6.15e-14
1625,6.14e-11,6.14e-14
1626,6.13e-11,6.13e-14
1627,6.12e-11,6.12e-14
1628,6.11e-11,6.11e-14
1629,6.10e-11,6.10e-14
1630,6.09e-11,6.09e-14
1631,6.08e-11,6.08e-14
1632,6.07e-11,6.07e-14
1633,6.06e-11,6.06e-14
1634,6.05e-11,6.05e-14
1635,6.04e-11,6.04e-14
1636,6.03e-11,6.03e-14
1637,6.02e-11,6.02e-14
1638,6.01e-11,6.01e-14
1639,6.00e-11,6.00e-14
1640,5.99e-11,5.99e-14
...
2398,4.41e-11,4.41e-14
2399,4.40e-11,4.40e-14
2400,4.39e-11,4.39e-14
l,Cl,sigma_Cl
2401,4.38e-11,4.38e-14
2402,4.37e-11,4.37e-14
2403,4.36e-11,4.36e-14
2404,4.35e-11,4.35e-14
2405,4.34e-11,4.34e-14
2406,4.33e-11,4.33e-14
2407,4.32e-11,4.32e-14
2408,4.31e-11,4.31e-14
2409,4.30e-11,4.30e-14
2410,4.29e-11,4.29e-14
2411,4.28e-11,4.28e-14
2412,4.27e-11,4.27e-14
2413,4.26e-11,4.26e-14
2414,4.25e-11,4.25e-14
2415,4.24e-11,4.24e-14
2416,4.23e-11,4.23e-14
2417,4.22e-11,4.22e-14
2418,4.21e-11,4.21e-14
2419,4.20e-11,4.20e-14
2420,4.19e-11,4.19e-14
2421,4.18e-11,4.18e-14
2422,4.17e-11,4.17e-14
2423,4.16e-11,4.16e-14
2424,4.15e-11,4.15e-14
2425,4.14e-11,4.14e-14
2426,4.13e-11,4.13e-14
2427,4.12e-11,4.12e-14
2428,4.11e-11,4.11e-14
2429,4.10e-11,4.10e-14
2430,4.09e-11,4.09e-14
2431,4.08e-11,4.08e-14
2432,4.07e-11,4.07e-14
2433,4.06e-11,4.06e-14
2434,4.05e-11,4.05e-14
2435,4.04e-11,4.04e-14
2436,4.03e-11,4.03e-14
2437,4.02e-11,4.02e-14
2438,4.01e-11,4.01e-14
2439,4.00e-11,4.00e-14
2440,3.99e-11,3.99e-14
...
3198,3.01e-11,3.01e-14
3199,3.00e-11,3.00e-14
3200,2.99e-11,2.99e-14
l,Cl,sigma_Cl
3201,2.98e-11,2.98e-14
3202,2.97e-11,2.97e-14
3203,2.96e-11,2.96e-14
3204,2.95e-11,2.95e-14
3205,2.94e-11,2.94e-14
3206,2.93e-11,2.93e-14
3207,2.92e-11,2.92e-14
3208,2.91e-11,2.91e-14
3209,2.90e-11,2.90e-14
3210,2.89e-11,2.89e-14
3211,2.88e-11,2.88e-14
3212,2.87e-11,2.87e-14
3213,2.86e-11,2.86e-14
3214,2.85e-11,2.85e-14
3215,2.84e-11,2.84e-14
3216,2.83e-11,2.83e-14
3217,2.82e-11,2.82e-14
3218,2.81e-11,2.81e-14
3219,2.80e-11,2.80e-14
3220,2.79e-11,2.79e-14
3221,2.78e-11,2.78e-14
3222,2.77e-11,2.77e-14
3223,2.76e-11,2.76e-14
3224,2.75e-11,2.75e-14
3225,2.74e-11,2.74e-14
3226,2.73e-11,2.73e-14
3227,2.72e-11,2.72e-14
3228,2.71e-11,2.71e-14
3229,2.70e-11,2.70e-14
3230,2.69e-11,2.69e-14
3231,2.68e-11,2.68e-14
3232,2.67e-11,2.67e-14
3233,2.66e-11,2.66e-14
3234,2.65e-11,2.65e-14
3235,2.64e-11,2.64e-14
3236,2.63e-11,2.63e-14
3237,2.62e-11,2.62e-14
3238,2.61e-11,2.61e-14
3239,2.60e-11,2.60e-14
3240,2.59e-11,2.59e-14
...
3998,1.61e-11,1.61e-14
3999,1.60e-11,1.60e-14
4000,1.59e-11,1.59e-14
l,Cl,sigma_Cl
4001,1.58e-11,1.58e-14
4002,1.57e-11,1.57e-14
4003,1.56e-11,1.56e-14
4004,1.55e-11,1.55e-14
4005,1.54e-11,1.54e-14
4006,1.53e-11,1.53e-14
4007,1.52e-11,1.52e-14
4008,1.51e-11,1.51e-14
4009,1.50e-11,1.50e-14
4010,1.49e-11,1.49e-14
4011,1.48e-11,1.48e-14
4012,1.47e-11,1.47e-14
4013,1.46e-11,1.46e-14
4014,1.45e-11,1.45e-14
4015,1.44e-11,1.44e-14
4016,1.43e-11,1.43e-14
4017,1.42e-11,1.42e-14
4018,1.41e-11,1.41e-14
4019,1.40e-11,1.40e-14
4020,1.39e-11,1.39e-14
4021,1.38e-11,1.38e-14
4022,1.37e-11,1.37e-14
4023,1.36e-11,1.36e-14
4024,1.35e-11,1.35e-14
4025,1.34e-11,1.34e-14
4026,1.33e-11,1.33e-14
4027,1.32e-11,1.32e-14
4028,1.31e-11,1.31e-14
4029,1.30e-11,1.30e-14
4030,1.29e-11,1.29e-14
4031,1.28e-11,1.28e-14
4032,1.27e-11,1.27e-14
4033,1.26e-11,1.26e-14
4034,1.25e-11,1.25e-14
4035,1.24e-11,1.24e-14
4036,1.23e-11,1.23e-14
4037,1.22e-11,1.22e-14
4038,1.21e-11,1.21e-14
4039,1.20e-11,1.20e-14
4040,1.19e-11,1.19e-14
...
4798,5.62e-12,5.62e-15
4799,5.61e-12,5.61e-15
4800,5.60e-12,5.60e-15
l,Cl,sigma_Cl
4801,5.59e-12,5.59e-15
4802,5.58e-12,5.58e-15
4803,5.57e-12,5.57e-15
4804,5.56e-12,5.56e-15
4805,5.55e-12,5.55e-15
4806,5.54e-12,5.54e-15
4807,5.53e-12,5.53e-15
4808,5.52e-12,5.52e-15
4809,5.51e-12,5.51e-15
4810,5.50e-12,5.50e-15
4811,5.49e-12,5.49e-15
4812,5.48e-12,5.48e-15
4813,5.47e-12,5.47e-15
4814,5.46e-12,5.46e-15
4815,5.45e-12,5.45e-15
4816,5.44e-12,5.44e-15
4817,5.43e-12,5.43e-15
4818,5.42e-12,5.42e-15
4819,5.41e-12,5.41e-15
4820,5.40e-12,5.40e-15
4821,5.39e-12,5.39e-15
4822,5.38e-12,5.38e-15
4823,5.37e-12,5.37e-15
4824,5.36e-12,5.36e-15
4825,5.35e-12,5.35e-15
4826,5.34e-12,5.34e-15
4827,5.33e-12,5.33e-15
4828,5.32e-12,5.32e-15
4829,5.31e-12,5.31e-15
4830,5.30e-12,5.30e-15
...
5598,4.02e-12,4.02e-15
5599,4.01e-12,4.01e-15
5600,4.00e-12,4.00e-15
l,Cl,sigma_Cl
5601,3.99e-12,3.99e-15
5602,3.98e-12,3.98e-15
5603,3.97e-12,3.97e-15
5604,3.96e-12,3.96e-15
5605,3.95e-12,3.95e-15
5606,3.94e-12,3.94e-15
5607,3.93e-12,3.93e-15
5608,3.92e-12,3.92e-15
5609,3.91e-12,3.91e-15
5610,3.90e-12,3.90e-15
5611,3.89e-12,3.89e-15
5612,3.88e-12,3.88e-15
5613,3.87e-12,3.87e-15
5614,3.86e-12,3.86e-15
5615,3.85e-12,3.85e-15
5616,3.84e-12,3.84e-15
5617,3.83e-12,3.83e-15
5618,3.82e-12,3.82e-15
5619,3.81e-12,3.81e-15
5620,3.80e-12,3.80e-15
5621,3.79e-12,3.79e-15
5622,3.78e-12,3.78e-15
5623,3.77e-12,3.77e-15
5624,3.76e-12,3.76e-15
5625,3.75e-12,3.75e-15
5626,3.74e-12,3.74e-15
5627,3.73e-12,3.73e-15
5628,3.72e-12,3.72e-15
5629,3.71e-12,3.71e-15
5630,3.70e-12,3.70e-15
...
6398,2.02e-12,2.02e-15
6399,2.01e-12,2.01e-15
6400,2.00e-12,2.00e-15
l,Cl,sigma_Cl
6401,1.99e-12,1.99e-15
6402,1.98e-12,1.98e-15
6403,1.97e-12,1.97e-15
6404,1.96e-12,1.96e-15
6405,1.95e-12,1.95e-15
6406,1.94e-12,1.94e-15
6407,1.93e-12,1.93e-15
6408,1.92e-12,1.92e-15
6409,1.91e-12,1.91e-15
6410,1.90e-12,1.90e-15
6411,1.89e-12,1.89e-15
6412,1.88e-12,1.88e-15
6413,1.87e-12,1.87e-15
6414,1.86e-12,1.86e-15
6415,1.85e-12,1.85e-15
6416,1.84e-12,1.84e-15
6417,1.83e-12,1.83e-15
6418,1.82e-12,1.82e-15
6419,1.81e-12,1.81e-15
6420,1.80e-12,1.80e-15
6421,1.79e-12,1.79e-15
6422,1.78e-12,1.78e-15
6423,1.77e-12,1.77e-15
6424,1.76e-12,1.76e-15
6425,1.75e-12,1.75e-15
6426,1.74e-12,1.74e-15
6427,1.73e-12,1.73e-15
6428,1.72e-12,1.72e-15
6429,1.71e-12,1.71e-15
6430,1.70e-12,1.70e-15
...
7198,9.22e-13,9.22e-16
7199,9.21e-13,9.21e-16
7200,9.20e-13,9.20e-16
l,Cl,sigma_Cl
7201,9.19e-13,9.19e-16
7202,9.18e-13,9.18e-16
7203,9.17e-13,9.17e-16
7204,9.16e-13,9.16e-16
7205,9.15e-13,9.15e-16
7206,9.14e-13,9.14e-16
7207,9.13e-13,9.13e-16
7208,9.12e-13,9.12e-16
7209,9.11e-13,9.11e-16
7210,9.10e-13,9.10e-16
7211,9.09e-13,9.09e-16
7212,9.08e-13,9.08e-16
7213,9.07e-13,9.07e-16
7214,9.06e-13,9.06e-16
7215,9.05e-13,9.05e-16
7216,9.04e-13,9.04e-16
7217,9.03e-13,9.03e-16
7218,9.02e-13,9.02e-16
7219,9.01e-13,9.01e-16
7220,9.00e-13,9.00e-16
7221,8.99e-13,8.99e-16
7222,8.98e-13,8.98e-16
7223,8.97e-13,8.97e-16
7224,8.96e-13,8.96e-16
7225,8.95e-13,8.95e-16
7226,8.94e-13,8.94e-16
7227,8.93e-13,8.93e-16
7228,8.92e-13,8.92e-16
7229,8.91e-13,8.91e-16
7230,8.90e-13,8.90e-16
...
7998,8.22e-13,8.22e-16
7999,8.21e-13,8.21e-16
8000,8.20e-13,8.20e-16
l,Cl,sigma_Cl
8001,8.19e-13,8.19e-16
8002,8.18e-13,8.18e-16
8003,8.17e-13,8.17e-16
8004,8.16e-13,8.16e-16
8005,8.15e-13,8.15e-16
8006,8.14e-13,8.14e-16
8007,8.13e-13,8.13e-16
8008,8.12e-13,8.12e-16
8009,8.11e-13,8.11e-16
8010,8.10e-13,8.10e-16
8011,8.09e-13,8.09e-16
8012,8.08e-13,8.08e-16
8013,8.07e-13,8.07e-16
8014,8.06e-13,8.06e-16
8015,8.05e-13,8.05e-16
8016,8.04e-13,8.04e-16
8017,8.03e-13,8.03e-16
8018,8.02e-13,8.02e-16
8019,8.01e-13,8.01e-16
8020,8.00e-13,8.00e-16
8021,7.99e-13,7.99e-16
8022,7.98e-13,7.98e-16
8023,7.97e-13,7.97e-16
8024,7.96e-13,7.96e-16
8025,7.95e-13,7.95e-16
8026,7.94e-13,7.94e-16
8027,7.93e-13,7.93e-16
8028,7.92e-13,7.92e-16
8029,7.91e-13,7.91e-16
8030,7.90e-13,7.90e-16
...
8798,7.22e-13,7.22e-16
8799,7.21e-13,7.21e-16
8800,7.20e-13,7.20e-16
l,Cl,sigma_Cl
8801,7.19e-13,7.19e-16
8802,7.18e-13,7.18e-16
8803,7.17e-13,7.17e-16
8804,7.16e-13,7.16e-16
8805,7.15e-13,7.15e-16
8806,7.14e-13,7.14e-16
8807,7.13e-13,7.13e-16
8808,7.12e-13,7.12e-16
8809,7.11e-13,7.11e-16
8810,7.10e-13,7.10e-16
8811,7.09e-13,7.09e-16
8812,7.08e-13,7.08e-16
8813,7.07e-13,7.07e-16
8814,7.06e-13,7.06e-16
8815,7.05e-13,7.05e-16
8816,7.04e-13,7.04e-16
8817,7.03e-13,7.03e-16
8818,7.02e-13,7.02e-16
8819,7.01e-13,7.01e-16
8820,7.00e-13,7.00e-16
8821,6.99e-13,6.99e-16
8822,6.98e-13,6.98e-16
8823,6.97e-13,6.97e-16
8824,6.96e-13,6.96e-16
8825,6.95e-13,6.95e-16
8826,6.94e-13,6.94e-16
8827,6.93e-13,6.93e-16
8828,6.92e-13,6.92e-16
8829,6.91e-13,6.91e-16
8830,6.90e-13,6.90e-16
...
9598,6.22e-13,6.22e-16
9599,6.21e-13,6.21e-16
9600,6.20e-13,6.20e-16
l,Cl,sigma_Cl
9601,6.19e-13,6.19e-16
9602,6.18e-13,6.18e-16
9603,6.17e-13,6.17e-16
9604,6.16e-13,6.16e-16
9605,6.15e-13,6.15e-16
9606,6.14e-13,6.14e-16
9607,6.13e-13,6.13e-16
9608,6.12e-13,6.12e-16
9609,6.11e-13,6.11e-16
9610,6.10e-13,6.10e-16
9611,6.09e-13,6.09e-16
9612,6.08e-13,6.08e-16
9613,6.07e-13,6.07e-16
9614,6.06e-13,6.06e-16
9615,6.05e-13,6.05e-16
9616,6.04e-13,6.04e-16
9617,6.03e-13,6.03e-16
9618,6.02e-13,6.02e-16
9619,6.01e-13,6.01e-16
9620,6.00e-13,6.00e-16
9621,5.99e-13,5.99e-16
9622,5.98e-13,5.98e-16
9623,5.97e-13,5.97e-16
9624,5.96e-13,5.96e-16
9625,5.95e-13,5.95e-16
9626,5.94e-13,5.94e-16
9627,5.93e-13,5.93e-16
9628,5.92e-13,5.92e-16
9629,5.91e-13,5.91e-16
9630,5.90e-13,5.90e-16
...
10398,5.22e-13,5.22e-16
10399,5.21e-13,5.21e-16
10400,5.20e-13,5.20e-16
l,Cl,sigma_Cl
10401,5.19e-13,5.19e-16
10402,5.18e-13,5.18e-16
10403,5.17e-13,5.17e-16
10404,5.16e-13,5.16e-16
10405,5.15e-13,5.15e-16
10406,5.14e-13,5.14e-16
10407,5.13e-13,5.13e-16
10408,5.12e-13,5.12e-16
10409,5.11e-13,5.11e-16
10410,5.10e-13,5.10e-16
10411,5.09e-13,5.09e-16
10412,5.08e-13,5.08e-16
10413,5.07e-13,5.07e-16
10414,5.06e-13,5.06e-16
10415,5.05e-13,5.05e-16
10416,5.04e-13,5.04e-16
10417,5.03e-13,5.03e-16
10418,5.02e-13,5.02e-16
10419,5.01e-13,5.01e-16
10420,5.00e-13,5.00e-16
10421,4.99e-13,4.99e-16
10422,4.98e-13,4.98e-16
10423,4.97e-13,4.97e-16
10424,4.96e-13,4.96e-16
10425,4.95e-13,4.95e-16
10426,4.94e-13,4.94e-16
10427,4.93e-13,4.93e-16
10428,4.92e-13,4.92e-16
10429,4.91e-13,4.91e-16
10430,4.90e-13,4.90e-16
...
11198,4.22e-13,4.22e-16
11199,4.21e-13,4.21e-16
11200,4.20e-13,4.20e-16
l,Cl,sigma_Cl
11201,4.19e-13,4.19e-16
11202,4.18e-13,4.18e-16
11203,4.17e-13,4.17e-16
11204,4.16e-13,4.16e-16
11205,4.15e-13,4.15e-16
11206,4.14e-13,4.14e-16
11207,4.13e-13,4.13e-16
11208,4.12e-13,4.12e-16
11209,4.11e-13,4.11e-16
11210,4.10e-13,4.10e-16
11211,4.09e-13,4.09e-16
11212,4.08e-13,4.08e-16
11213,4.07e-13,4.07e-16
11214,4.06e-13,4.06e-16
11215,4.05e-13,4.05e-16
11216,4.04e-13,4.04e-16
11217,4.03e-13,4.03e-16
11218,4.02e-13,4.02e-16
11219,4.01e-13,4.01e-16
11220,4.00e-13,4.00e-16
11221,3.99e-13,3.99e-16
11222,3.98e-13,3.98e-16
11223,3.97e-13,3.97e-16
11224,3.96e-13,3.96e-16
11225,3.95e-13,3.95e-16
11226,3.94e-13,3.94e-16
11227,3.93e-13,3.93e-16
11228,3.92e-13,3.92e-16
11229,3.91e-13,3.91e-16
11230,3.90e-13,3.90e-16
...
11998,3.22e-13,3.22e-16
11999,3.21e-13,3.21e-16
12000,3.20e-13,3.20e-16
l,Cl,sigma_Cl
12001,3.19e-13,3.19e-16
12002,3.18e-13,3.18e-16
12003,3.17e-13,3.17e-16
12004,3.16e-13,3.16e-16
12005,3.15e-13,3.15e-16
12006,3.14e-13,3.14e-16
12007,3.13e-13,3.13e-16
12008,3.12e-13,3.12e-16
12009,3.11e-13,3.11e-16
12010,3.10e-13,3.10e-16
12011,3.09e-13,3.09e-16
12012,3.08e-13,3.08e-16
12013,3.07e-13,3.07e-16
12014,3.06e-13,3.06e-16
12015,3.05e-13,3.05e-16
12016,3.04e-13,3.04e-16
12017,3.03e-13,3.03e-16
12018,3.02e-13,3.02e-16
12019,3.01e-13,3.01e-16
12020,3.00e-13,3.00e-16
12021,2.99e-13,2.99e-16
12022,2.98e-13,2.98e-16
12023,2.97e-13,2.97e-16
12024,2.96e-13,2.96e-16
12025,2.95e-13,2.95e-16
12026,2.94e-13,2.94e-16
12027,2.93e-13,2.93e-16
12028,2.92e-13,2.92e-16
12029,2.91e-13,2.91e-16
12030,2.90e-13,2.90e-16
...
12798,2.22e-13,2.22e-16
12799,2.21e-13,2.21e-16
12800,2.20e-13,2.20e-16
l,Cl,sigma_Cl
12801,2.19e-13,2.19e-16
12802,2.18e-13,2.18e-16
12803,2.17e-13,2.17e-16
12804,2.16e-13,2.16e-16
12805,2.15e-13,2.15e-16
12806,2.14e-13,2.14e-16
12807,2.13e-13,2.13e-16
12808,2.12e-13,2.12e-16
12809,2.11e-13,2.11e-16
12810,2.10e-13,2.10e-16
12811,2.09e-13,2.09e-16
12812,2.08e-13,2.08e-16
12813,2.07e-13,2.07e-16
12814,2.06e-13,2.06e-16
12815,2.05e-13,2.05e-16
12816,2.04e-13,2.04e-16
12817,2.03e-13,2.03e-16
12818,2.02e-13,2.02e-16
12819,2.01e-13,2.01e-16
12820,2.00e-13,2.00e-16
12821,1.99e-13,1.99e-16
12822,1.98e-13,1.98e-16
12823,1.97e-13,1.97e-16
12824,1.96e-13,1.96e-16
12825,1.95e-13,1.95e-16
12826,1.94e-13,1.94e-16
12827,1.93e-13,1.93e-16
12828,1.92e-13,1.92e-16
12829,1.91e-13,1.91e-16
12830,1.90e-13,1.90e-16
...
13598,1.22e-13,1.22e-16
13599,1.21e-13,1.21e-16
13600,1.20e-13,1.20e-16
l,Cl,sigma_Cl
13601,1.19e-13,1.19e-16
13602,1.18e-13,1.18e-16
13603,1.17e-13,1.17e-16
13604,1.16e-13,1.16e-16
13605,1.15e-13,1.15e-16
13606,1.14e-13,1.14e-16
13607,1.13e-13,1.13e-16
13608,1.12e-13,1.12e-16
13609,1.11e-13,1.11e-16
13610,1.10e-13,1.10e-16
13611,1.09e-13,1.09e-16
13612,1.08e-13,1.08e-16
13613,1.07e-13,1.07e-16
13614,1.06e-13,1.06e-16
13615,1.05e-13,1.05e-16
13616,1.04e-13,1.04e-16
13617,1.03e-13,1.03e-16
13618,1.02e-13,1.02e-16
13619,1.01e-13,1.01e-16
13620,1.00e-13,1.00e-16
13621,9.9e-14,9.9e-17
13622,9.8e-14,9.8e-17
13623,9.7e-14,9.7e-17
13624,9.6e-14,9.6e-17
13625,9.5e-14,9.5e-17
13626,9.4e-14,9.4e-17
13627,9.3e-14,9.3e-17
13628,9.2e-14,9.2e-17
13629,9.1e-14,9.1e-17
13630,9.0e-14,9.0e-17
...
14398,2.2e-14,2.2e-17
14399,2.1e-14,2.1e-17
14400,2.0e-14,2.0e-17
l,Cl,sigma_Cl
14401,1.9e-14,1.9e-17
14402,1.8e-14,1.8e-17
14403,1.7e-14,1.7e-17
14404,1.6e-14,1.6e-17
14405,1.5e-14,1.5e-17
14406,1.4e-14,1.4e-17
14407,1.3e-14,1.3e-17
14408,1.2e-14,1.2e-17
14409,1.1e-14,1.1e-17
14410,1.0e-14,1.0e-17
14411,9.9e-15,9.9e-18
14412,9.8e-15,9.8e-18
14413,9.7e-15,9.7e-18
14414,9.6e-15,9.6e-18
14415,9.5e-15,9.5e-18
14416,9.4e-15,9.4e-18
14417,9.3e-15,9.3e-18
14418,9.2e-15,9.2e-18
14419,9.1e-15,9.1e-18
14420,9.0e-15,9.0e-18
14421,8.9e-15,8.9e-18
14422,8.8e-15,8.8e-18
14423,8.7e-15,8.7e-18
14424,8.6e-15,8.6e-18
14425,8.5e-15,8.5e-18
14426,8.4e-15,8.4e-18
14427,8.3e-15,8.3e-18
14428,8.2e-15,8.2e-18
14429,8.1e-15,8.1e-18
14430,8.0e-15,8.0e-18
...
15198,2.2e-15,2.2e-18
15199,2.1e-15,2.1e-18
15200,2.0e-15,2.0e-18
l,Cl,sigma_Cl
15201,1.9e-15,1.9e-18
15202,1.8e-15,1.8e-18
15203,1.7e-15,1.7e-18
15204,1.6e-15,1.6e-18
15205,1.5e-15,1.5e-18
15206,1.4e-15,1.4e-18
15207,1.3e-15,1.3e-18
15208,1.2e-15,1.2e-18
15209,1.1e-15,1.1e-18
15210,1.0e-15,1.0e-18
15211,9.9e-16,9.9e-19
15212,9.8e-16,9.8e-19
15213,9.7e-16,9.7e-19
15214,9.6e-16,9.6e-19
15215,9.5e-16,9.5e-19
15216,9.4e-16,9.4e-19
15217,9.3e-16,9.3e-19
15218,9.2e-16,9.2e-19
15219,9.1e-16,9.1e-19
15220,9.0e-16,9.0e-19
15221,8.9e-16,8.9e-19
15222,8.8e-16,8.8e-19
15223,8.7e-16,8.7e-19
15224,8.6e-16,8.6e-19
15225,8.5e-16,8.5e-19
15226,8.4e-16,8.4e-19
15227,8.3e-16,8.3e-19
15228,8.2e-16,8.2e-19
15229,8.1e-16,8.1e-19
15230,8.0e-16,8.0e-19
...
15998,2.2e-16,2.2e-19
15999,2.1e-16,2.1e-19
16000,2.0e-16,2.0e-19
l,Cl,sigma_Cl
16001,1.95e-16,1.95e-19
16002,1.94e-16,1.94e-19
16003,1.93e-16,1.93e-19
16004,1.92e-16,1.92e-19
16005,1.91e-16,1.91e-19
16006,1.90e-16,1.90e-19
16007,1.89e-16,1.89e-19
16008,1.88e-16,1.88e-19
16009,1.87e-16,1.87e-19
16010,1.86e-16,1.86e-19
16011,1.85e-16,1.85e-19
16012,1.84e-16,1.84e-19
16013,1.83e-16,1.83e-19
16014,1.82e-16,1.82e-19
16015,1.81e-16,1.81e-19
16016,1.80e-16,1.80e-19
16017,1.79e-16,1.79e-19
16018,1.78e-16,1.78e-19
16019,1.77e-16,1.77e-19
16020,1.76e-16,1.76e-19
16021,1.75e-16,1.75e-19
16022,1.74e-16,1.74e-19
16023,1.73e-16,1.73e-19
16024,1.72e-16,1.72e-19
16025,1.71e-16,1.71e-19
16026,1.70e-16,1.70e-19
16027,1.69e-16,1.69e-19
16028,1.68e-16,1.68e-19
16029,1.67e-16,1.67e-19
16030,1.66e-16,1.66e-19
...
16798,2.2e-17,2.2e-20
16799,2.1e-17,2.1e-20
16800,2.0e-17,2.0e-20
l,Cl,sigma_Cl
16801,1.99e-17,1.99e-20
16802,1.98e-17,1.98e-20
16803,1.97e-17,1.97e-20
16804,1.96e-17,1.96e-20
16805,1.95e-17,1.95e-20
16806,1.94e-17,1.94e-20
16807,1.93e-17,1.93e-20
16808,1.92e-17,1.92e-20
16809,1.91e-17,1.91e-20
16810,1.90e-17,1.90e-20
16811,1.89e-17,1.89e-20
16812,1.88e-17,1.88e-20
16813,1.87e-17,1.87e-20
16814,1.86e-17,1.86e-20
16815,1.85e-17,1.85e-20
16816,1.84e-17,1.84e-20
16817,1.83e-17,1.83e-20
16818,1.82e-17,1.82e-20
16819,1.81e-17,1.81e-20
16820,1.80e-17,1.80e-20
16821,1.79e-17,1.79e-20
16822,1.78e-17,1.78e-20
16823,1.77e-17,1.77e-20
16824,1.76e-17,1.76e-20
16825,1.75e-17,1.75e-20
16826,1.74e-17,1.74e-20
16827,1.73e-17,1.73e-20
16828,1.72e-17,1.72e-20
16829,1.71e-17,1.71e-20
16830,1.70e-17,1.70e-20
...
17598,2.8e-18,2.8e-21
17599,2.7e-18,2.7e-21
17600,2.6e-18,2.6e-21
l,Cl,sigma_Cl
17601,2.59e-18,2.59e-21
17602,2.58e-18,2.58e-21
17603,2.57e-18,2.57e-21
17604,2.56e-18,2.56e-21
17605,2.55e-18,2.55e-21
17606,2.54e-18,2.54e-21
17607,2.53e-18,2.53e-21
17608,2.52e-18,2.52e-21
17609,2.51e-18,2.51e-21
17610,2.50e-18,2.50e-21
17611,2.49e-18,2.49e-21
17612,2.48e-18,2.48e-21
17613,2.47e-18,2.47e-21
17614,2.46e-18,2.46e-21
17615,2.45e-18,2.45e-21
17616,2.44e-18,2.44e-21
17617,2.43e-18,2.43e-21
17618,2.42e-18,2.42e-21
17619,2.41e-18,2.41e-21
17620,2.40e-18,2.40e-21
17621,2.39e-18,2.39e-21
17622,2.38e-18,2.38e-21
17623,2.37e-18,2.37e-21
17624,2.36e-18,2.36e-21
17625,2.35e-18,2.35e-21
17626,2.34e-18,2.34e-21
17627,2.33e-18,2.33e-21
17628,2.32e-18,2.32e-21
17629,2.31e-18,2.31e-21
17630,2.30e-18,2.30e-21
...
18398,6.2e-19,6.2e-22
18399,6.1e-19,6.1e-22
18400,6.0e-19,6.0e-22
l,Cl,sigma_Cl
18401,5.9e-19,5.9e-22
18402,5.88e-19,5.88e-22
18403,5.86e-19,5.86e-22
18404,5.84e-19,5.84e-22
18405,5.82e-19,5.82e-22
18406,5.80e-19,5.80e-22
18407,5.78e-19,5.78e-22
18408,5.76e-19,5.76e-22
18409,5.74e-19,5.74e-22
18410,5.72e-19,5.72e-22
18411,5.70e-19,5.70e-22
18412,5.68e-19,5.68e-22
18413,5.66e-19,5.66e-22
18414,5.64e-19,5.64e-22
18415,5.62e-19,5.62e-22
18416,5.60e-19,5.60e-22
18417,5.58e-19,5.58e-22
18418,5.56e-19,5.56e-22
18419,5.54e-19,5.54e-22
18420,5.52e-19,5.52e-22
18421,5.50e-19,5.50e-22
18422,5.48e-19,5.48e-22
18423,5.46e-19,5.46e-22
18424,5.44e-19,5.44e-22
18425,5.42e-19,5.42e-22
18426,5.40e-19,5.40e-22
18427,5.38e-19,5.38e-22
18428,5.36e-19,5.36e-22
18429,5.34e-19,5.34e-22
18430,5.32e-19,5.32e-22
...
19198,4.0e-19,4.0e-22
19199,3.9e-19,3.9e-22
19200,3.8e-19,3.8e-22
l,Cl,sigma_Cl
19201,3.78e-19,3.78e-22
19202,3.76e-19,3.76e-22
19203,3.74e-19,3.74e-22
19204,3.72e-19,3.72e-22
19205,3.70e-19,3.70e-22
19206,3.68e-19,3.68e-22
19207,3.66e-19,3.66e-22
19208,3.64e-19,3.64e-22
19209,3.62e-19,3.62e-22
19210,3.60e-19,3.60e-22
19211,3.58e-19,3.58e-22
19212,3.56e-19,3.56e-22
19213,3.54e-19,3.54e-22
19214,3.52e-19,3.52e-22
19215,3.50e-19,3.50e-22
19216,3.48e-19,3.48e-22
19217,3.46e-19,3.46e-22
19218,3.44e-19,3.44e-22
19219,3.42e-19,3.42e-22
19220,3.40e-19,3.40e-22
19221,3.38e-19,3.38e-22
19222,3.36e-19,3.36e-22
19223,3.34e-19,3.34e-22
19224,3.32e-19,3.32e-22
19225,3.30e-19,3.30e-22
19226,3.28e-19,3.28e-22
19227,3.26e-19,3.26e-22
19228,3.24e-19,3.24e-22
19229,3.22e-19,3.22e-22
19230,3.20e-19,3.20e-22
...
19998,1.2e-19,1.2e-22
19999,1.1e-19,1.1e-22
20000,1.0e-19,1.0e-22
l,Cl,sigma_Cl
20001,9.9e-20,9.9e-23
20002,9.8e-20,9.8e-23
20003,9.7e-20,9.7e-23
20004,9.6e-20,9.6e-23
20005,9.5e-20,9.5e-23
20006,9.4e-20,9.4e-23
20007,9.3e-20,9.3e-23
20008,9.2e-20,9.2e-23
20009,9.1e-20,9.1e-23
20010,9.0e-20,9.0e-23
20011,8.9e-20,8.9e-23
20012,8.8e-20,8.8e-23
20013,8.7e-20,8.7e-23
20014,8.6e-20,8.6e-23
20015,8.5e-20,8.5e-23
20016,8.4e-20,8.4e-23
20017,8.3e-20,8.3e-23
20018,8.2e-20,8.2e-23
20019,8.1e-20,8.1e-23
20020,8.0e-20,8.0e-23
20021,7.9e-20,7.9e-23
20022,7.8e-20,7.8e-23
20023,7.7e-20,7.7e-23
20024,7.6e-20,7.6e-23
20025,7.5e-20,7.5e-23
20026,7.4e-20,7.4e-23
20027,7.3e-20,7.3e-23
20028,7.2e-20,7.2e-23
20029,7.1e-20,7.1e-23
20030,7.0e-20,7.0e-23
...
20798,1.3e-20,1.3e-23
20799,1.2e-20,1.2e-23
20800,1.1e-20,1.1e-23l,Cl,sigma_Cl
20801,1.09e-20,1.09e-23
20802,1.08e-20,1.08e-23
20803,1.07e-20,1.07e-23
20804,1.06e-20,1.06e-23
20805,1.05e-20,1.05e-23
20806,1.04e-20,1.04e-23
20807,1.03e-20,1.03e-23
20808,1.02e-20,1.02e-23
20809,1.01e-20,1.01e-23
20810,1.00e-20,1.00e-23
20811,9.9e-21,9.9e-24
20812,9.8e-21,9.8e-24
20813,9.7e-21,9.7e-24
20814,9.6e-21,9.6e-24
20815,9.5e-21,9.5e-24
20816,9.4e-21,9.4e-24
20817,9.3e-21,9.3e-24
20818,9.2e-21,9.2e-24
20819,9.1e-21,9.1e-24
20820,9.0e-21,9.0e-24
20821,8.9e-21,8.9e-24
20822,8.8e-21,8.8e-24
20823,8.7e-21,8.7e-24
20824,8.6e-21,8.6e-24
20825,8.5e-21,8.5e-24
20826,8.4e-21,8.4e-24
20827,8.3e-21,8.3e-24
20828,8.2e-21,8.2e-24
20829,8.1e-21,8.1e-24
20830,8.0e-21,8.0e-24
...
21598,2.3e-21,2.3e-24
21599,2.2e-21,2.2e-24
21600,2.1e-21,2.1e-24
l,Cl,sigma_Cl
21601,2.09e-21,2.09e-24
21602,2.08e-21,2.08e-24
21603,2.07e-21,2.07e-24
21604,2.06e-21,2.06e-24
21605,2.05e-21,2.05e-24
21606,2.04e-21,2.04e-24
21607,2.03e-21,2.03e-24
21608,2.02e-21,2.02e-24
21609,2.01e-21,2.01e-24
21610,2.00e-21,2.00e-24
21611,1.99e-21,1.99e-24
21612,1.98e-21,1.98e-24
21613,1.97e-21,1.97e-24
21614,1.96e-21,1.96e-24
21615,1.95e-21,1.95e-24
21616,1.94e-21,1.94e-24
21617,1.93e-21,1.93e-24
21618,1.92e-21,1.92e-24
21619,1.91e-21,1.91e-24
21620,1.90e-21,1.90e-24
21621,1.89e-21,1.89e-24
21622,1.88e-21,1.88e-24
21623,1.87e-21,1.87e-24
21624,1.86e-21,1.86e-24
21625,1.85e-21,1.85e-24
21626,1.84e-21,1.84e-24
21627,1.83e-21,1.83e-24
21628,1.82e-21,1.82e-24
21629,1.81e-21,1.81e-24
21630,1.80e-21,1.80e-24
...
22398,1.22e-21,1.22e-24
22399,1.21e-21,1.21e-24
22400,1.20e-21,1.20e-24


















